{"chunk_definitions":[{"row":11,"row_count":1,"visible":true,"expansion_state":0,"options":{"engine":"r","label":"setup","include":true,"dev":"png"},"document_id":"45642AAB","chunk_id":"csetup_chunk","chunk_label":"setup"},{"row":37,"row_count":1,"visible":true,"expansion_state":0,"options":{"engine":"r","label":"unnamed-chunk-26","dev":"png"},"document_id":"45642AAB","chunk_id":"ca7hut5rq2cuc","chunk_label":"unnamed-chunk-2"},{"row":74,"row_count":1,"visible":true,"expansion_state":0,"options":{"engine":"r","label":"unnamed-chunk-3","dev":"png"},"document_id":"45642AAB","chunk_id":"creo6j9l6ifto","chunk_label":"unnamed-chunk-4"},{"row":115,"row_count":1,"visible":true,"expansion_state":0,"options":{"engine":"r","label":"unnamed-chunk-30","dev":"png"},"document_id":"45642AAB","chunk_id":"c73xw1jcpdw88","chunk_label":"unnamed-chunk-7"},{"row":142,"row_count":1,"visible":true,"expansion_state":0,"options":{"engine":"r","label":"unnamed-chunk-31","dev":"png"},"document_id":"45642AAB","chunk_id":"ctwf89ob1qwde","chunk_label":"unnamed-chunk-8"},{"row":155,"row_count":1,"visible":true,"expansion_state":0,"options":{"engine":"r","label":"unnamed-chunk-3","dev":"png"},"document_id":"45642AAB","chunk_id":"cld0mh21ghvwq","chunk_label":"unnamed-chunk-9"},{"row":208,"row_count":1,"visible":true,"expansion_state":0,"options":{"engine":"r","label":"unnamed-chunk-25","dev":"png"},"document_id":"45642AAB","chunk_id":"cc5qyxslo9zgf","chunk_label":"unnamed-chunk-12"}],"doc_write_time":1726859297,"working_dir":null,"default_chunk_options":{"echo":true}}